http://www.revolutionsoft.mlhttps://www.revolutionsoft.ml/MLM-1460907689-eseus-datarecovery-recupera-archivos-_JM.html#position=1&amp;search_layout=grid&amp;type=item&amp;tracking_id=94236cd6-a262-4f14-976e-dc4fb2f0baf1
http://www.revolutionsoft.mlhttps://www.revolutionsoft.ml/MLM-1460907914-codigos-de-barra-universal-comercio-digital-200codigos-_JM.html#position=2&amp;search_layout=grid&amp;type=item&amp;tracking_id=94236cd6-a262-4f14-976e-dc4fb2f0baf1
http://www.revolutionsoft.mlhttps://www.revolutionsoft.ml/MLM-1460907918-codigos-de-barra-universal-comercio-digital-300codigos-_JM.html#position=3&amp;search_layout=grid&amp;type=item&amp;tracking_id=94236cd6-a262-4f14-976e-dc4fb2f0baf1
http://www.revolutionsoft.mlhttps://www.revolutionsoft.ml/MLM-1460908222-mr-clientes-wisp-fichas-de-internet-_JM.html#position=4&amp;search_layout=grid&amp;type=item&amp;tracking_id=94236cd6-a262-4f14-976e-dc4fb2f0baf1
http://www.revolutionsoft.mlhttps://www.revolutionsoft.ml/MLM-1531232854-xbox-live-gold-1-mes-codigo-_JM.html#position=5&amp;search_layout=grid&amp;type=item&amp;tracking_id=94236cd6-a262-4f14-976e-dc4fb2f0baf1
http://www.revolutionsoft.mlhttps://www.revolutionsoft.ml/MLM-1460907915-codigos-de-barra-universal-comercio-digital-400codigos-_JM.html#position=6&amp;search_layout=grid&amp;type=item&amp;tracking_id=94236cd6-a262-4f14-976e-dc4fb2f0baf1





